{"Iterations":"3","Angle":"90","Alphabet":"X","Axoim":"X","Rule1":"X=+FFFFFF-FFFF-F-FFF+F+FFFF+FF-FFFF-F-FFF+F+FFF-FFF-FFF-F-FF+F+FFF+FF-FFF-F-FF+F+FFF+FFF+FFFFFFFFFX","Rule2":"","Rule3":"","Rule4":"","Rule5":"","Rule6":"","Polygon":[{"PathAngle":"0,90,180,270","PolygonAngle":"315","Layer1":{"Color":"#1f1b3d","Thickness":"7.5"},"Layer2":{"Color":"#2c2d86","Thickness":"7.5"},"Layer3":{"Color":"#97aecf","Thickness":"5"}}],"Origin":"https://raw.githubusercontent.com/keepCrashing/WindingStream/master/pic/%E5%9B%9B%E6%96%97%E5%BA%95.png"}