{"Iterations":"3","Angle":"90","Alphabet":"X","Axoim":"X","Rule1":"X=+FFFFFF-FFFFFFFFF-F-FFF+FFF+FF+F+F-F-FF-FFF-FFFFFFF-FFF-FF-F-F+F+FF+FFF+FFFF+FFFFF+FFFFFFFFFX","Rule2":"","Rule3":"","Rule4":"","Rule5":"","Rule6":"","Polygon":[{"PathAngle":"0,90,180,270","PolygonAngle":"315","Layer1":{"Color":"#344e36","Thickness":"7.5"},"Layer2":{"Color":"#799870","Thickness":"7.5"},"Layer3":{"Color":"#fef3e2","Thickness":"5"}}],"Origin":"https://raw.githubusercontent.com/keepCrashing/WindingStream/master/pic/%E9%9B%99%E9%91%B0%E5%8C%99%E9%A0%AD.png"}