{"Iterations":"4","Angle":"90","Alphabet":"X","Axoim":"X","Rule1":"X=+FFFFFF-FFFFF-F-F+F+F-F-F+F+F-F-FFF-F-F+F+F-F-F+F+FF+FFFFF+FFFFFX","Rule2":"","Rule3":"","Rule4":"","Rule5":"","Rule6":"","Polygon":[{"PathAngle":"180,270","PolygonAngle":"315","Layer1":{"Color":"#ff6262","Thickness":"7.5"},"Layer2":{"Color":"#ff8080","Thickness":"7.5"},"Layer3":{"Color":"#ffa8a8","Thickness":"5"}},{"PathAngle":"0,90","PolygonAngle":"315","Layer1":{"Color":"#344e36","Thickness":"7.5"},"Layer2":{"Color":"#799870","Thickness":"7.5"},"Layer3":{"Color":"#fef3e2","Thickness":"5"}}],"Origin":"https://raw.githubusercontent.com/keepCrashing/WindingStream/master/pic/%E5%B7%A5%E5%AD%97.png"}