{"Iterations":"4","Angle":"60","Alphabet":"","Axoim":"A","Rule1":"A=A+B++B-A--AA-B+","Rule2":"B=-A+BB++B+A--A-B","Rule3":"","Rule4":"","Rule5":"","Rule6":"","Polygon":[{"PathAngle":"0,60","PolygonAngle":"33","Layer1":{"Color":"#46ffa3","Thickness":"5"},"Layer2":{"Color":"#008040","Thickness":"5"},"Layer3":{"Color":"#005e2f","Thickness":"5"}},{"PathAngle":"240,300","PolygonAngle":"33","Layer1":{"Color":"#ffaeae","Thickness":"5"},"Layer2":{"Color":"#ff0000","Thickness":"5"},"Layer3":{"Color":"#9d0000","Thickness":"5"}},{"PathAngle":"120,180","PolygonAngle":"33","Layer1":{"Color":"#6666ff","Thickness":"5"},"Layer2":{"Color":"#0000ff","Thickness":"5"},"Layer3":{"Color":"#00004a","Thickness":"5"}}]}