{"Iterations":"2","Angle":"60","Alphabet":"","Axoim":"A","Rule1":"A=A+B++B-A--AA-B+","Rule2":"B=-A+BB++B+A--A-B","Rule3":"","Rule4":"","Rule5":"","Rule6":"","Polygon":[{"PathAngle":"0","PolygonAngle":"33","Layer1":{"Color":"#46ffa3","Thickness":"5"},"Layer2":{"Color":"#008040","Thickness":"5"},"Layer3":{"Color":"#005e2f","Thickness":"5"}},{"PathAngle":"240","PolygonAngle":"33","Layer1":{"Color":"#ffaeae","Thickness":"5"},"Layer2":{"Color":"#ff0000","Thickness":"5"},"Layer3":{"Color":"#9d0000","Thickness":"5"}},{"PathAngle":"120","PolygonAngle":"33","Layer1":{"Color":"#6666ff","Thickness":"5"},"Layer2":{"Color":"#0000ff","Thickness":"5"},"Layer3":{"Color":"#00004a","Thickness":"5"}},{"PathAngle":"60","PolygonAngle":"33","Layer1":{"Color":"#ffff80","Thickness":"5"},"Layer2":{"Color":"#ffff00","Thickness":"5"},"Layer3":{"Color":"#aaaa00","Thickness":"5"}},{"PathAngle":"300","PolygonAngle":"33","Layer1":{"Color":"#ff80ff","Thickness":"5"},"Layer2":{"Color":"#ff0080","Thickness":"5"},"Layer3":{"Color":"#ff0080","Thickness":"5"}},{"PathAngle":"180","PolygonAngle":"33","Layer1":{"Color":"#c0c0c0","Thickness":"5"},"Layer2":{"Color":"#808080","Thickness":"5"},"Layer3":{"Color":"#000000","Thickness":"5"}}]}