{"Iterations":"4","Angle":"60","Alphabet":"","Axoim":"A","Rule1":"A=A+B++B-A--AA-B+","Rule2":"B=-A+BB++B+A--A-B","Rule3":"","Rule4":"","Rule5":"","Rule6":"","Polygon":[{"PathAngle":"0,300,240","PolygonAngle":"33","Layer1":{"Color":"#1f1b3d","Thickness":"7.5"},"Layer2":{"Color":"#2c2d86","Thickness":"7.5"},"Layer3":{"Color":"#97aecf","Thickness":"5"}},{"PathAngle":"60,180,120","PolygonAngle":"33","Layer1":{"Color":"#800000","Thickness":"7.5"},"Layer2":{"Color":"#ffa840","Thickness":"7.5"},"Layer3":{"Color":"#ffff00","Thickness":"5"}}]}