{"Iterations":"4","Angle":"90","Alphabet":"XYZ","Axoim":"+X-Y","Rule1":"X=FFFFFF-FFFFFF-FFFFF-FFFF-FFF-FF-F","Rule2":"Y=F+F+FF+FFF+FFFF+FFFFF+FFFFFF+X-Y","Rule3":"Z=+X-Y","Rule4":"","Rule5":"","Rule6":"","Polygon":[{"PathAngle":"0,90","PolygonAngle":"315","Layer1":{"Color":"#344e36","Thickness":"7.5"},"Layer2":{"Color":"#799870","Thickness":"7.5"},"Layer3":{"Color":"#fef3e2","Thickness":"5"}},{"PathAngle":"180,270","PolygonAngle":"315","Layer1":{"Color":"#ff6262","Thickness":"7.5"},"Layer2":{"Color":"#ff8080","Thickness":"7.5"},"Layer3":{"Color":"#ffa8a8","Thickness":"5"}}]}