{"Iterations":"5","Angle":"90","Alphabet":"X","Axoim":"XY-XY-XY-XY","Rule1":"X=+FFFFF-FFFFFF-FFFFF-FFFF-FFF-FF-F-F+F+FF+FFF+FFFF+FFFFF+FFFFFFX","Rule2":"Y=+FFFFFF-FFFFFF-FFFFF-FFFF-FFF-FF-F-F+F+FF+FFF+FFFF+FFFFF+","Rule3":"","Rule4":"","Rule5":"","Rule6":"","Polygon":[{"PathAngle":"0,90","PolygonAngle":"315","Layer1":{"Color":"#344e36","Thickness":"7.5"},"Layer2":{"Color":"#799870","Thickness":"7.5"},"Layer3":{"Color":"#fef3e2","Thickness":"5"}},{"PathAngle":"180,270","PolygonAngle":"315","Layer1":{"Color":"#ff6262","Thickness":"7.5"},"Layer2":{"Color":"#ff8080","Thickness":"7.5"},"Layer3":{"Color":"#ffa8a8","Thickness":"5"}}]}