{"Iterations":"4","Angle":"90","Alphabet":"X","Axoim":"XFF-Y\nXFF-Y\nXFF-Y\nXFF-YF","Rule1":"X=FFF-F-FF+F+FF-F-FF+F+FF-F-FF+F+FFFFF+F+FF-F-FF+F+FF-F-FF+F+FF-F-FFX","Rule2":"Y=FFFFFF+FFFFFFF+FFFFFF+FFFFFF-","Rule3":"","Rule4":"","Rule5":"","Rule6":"","Polygon":[{"PathAngle":"0,90","PolygonAngle":"315","Layer1":{"Color":"#1f1b3d","Thickness":"7.5"},"Layer2":{"Color":"#2c2d86","Thickness":"7.5"},"Layer3":{"Color":"#97aecf","Thickness":"5"}},{"PathAngle":"180,270","PolygonAngle":"315","Layer1":{"Color":"#800000","Thickness":"7.5"},"Layer2":{"Color":"#ff8040","Thickness":"7.5"},"Layer3":{"Color":"#ffff00","Thickness":"5"}}]}