{"Iterations":"3","Angle":"90","Alphabet":"LR","Axoim":"L","Rule1":"L=LFRFL-F-RFLFR+F+LFRFL","Rule2":"R=RFLFR+F+LFRFL-F-RFLFR","Rule3":"","Rule4":"","Rule5":"","Rule6":"","Polygon":[{"PathAngle":"0,180","PolygonAngle":"315","Layer1":{"Color":"#344e36","Thickness":"7.5"},"Layer2":{"Color":"#799870","Thickness":"7.5"},"Layer3":{"Color":"#fef3e2","Thickness":"5"}},{"PathAngle":"270,90","PolygonAngle":"315","Layer1":{"Color":"#ff6262","Thickness":"7.5"},"Layer2":{"Color":"#ff8080","Thickness":"7.5"},"Layer3":{"Color":"#ffa8a8","Thickness":"5"}}]}