{"Iterations":"5","Angle":"60","Alphabet":"","Axoim":"A","Rule1":"A=B-A-B","Rule2":"B=A+B+A","Rule3":"","Rule4":"","Rule5":"","Rule6":"","Polygon":[{"PathAngle":"60,120,240,300","PolygonAngle":"45","Layer1":{"Color":"#ff0000","Thickness":"7"},"Layer2":{"Color":"#6a0000","Thickness":"5"},"Layer3":{"Color":"#ff0000","Thickness":"7"}},{"PathAngle":"0,180","PolygonAngle":"45","Layer1":{"Color":"#00ff00","Thickness":"7"},"Layer2":{"Color":"#006a00","Thickness":"5"},"Layer3":{"Color":"#00ff00","Thickness":"7"}}]}