{"Iterations":"4","Angle":"15","Alphabet":"","Axoim":"AAAA","Rule1":"A=B+B+B+B+B+B+","Rule2":"B=[F+F+F+F[---B-C]+++++F++++++++F-F-F-F]","Rule3":"C=[F+F+F+F[---C]+++++F++++++++F-F-F-F]","Rule4":"","Rule5":"","Rule6":"","Polygon":[{"PathAngle":"0,15,30,45,60,75","PolygonAngle":"50","Layer1":{"Color":"#ff80ff","Thickness":"5"},"Layer2":{"Color":"#ff399c","Thickness":"5"},"Layer3":{"Color":"#f20000","Thickness":"5"}},{"PathAngle":"90,105,120,135,150,165","PolygonAngle":"50","Layer1":{"Color":"#c0c0c0","Thickness":"5"},"Layer2":{"Color":"#808080","Thickness":"5"},"Layer3":{"Color":"#808040","Thickness":"5"}},{"PathAngle":"180,195,210,225,240,255","PolygonAngle":"50","Layer1":{"Color":"#80ffff","Thickness":"5"},"Layer2":{"Color":"#ff6666","Thickness":"5"},"Layer3":{"Color":"#ff0000","Thickness":"5"}},{"PathAngle":"270,285,300,315,330,345","PolygonAngle":"50","Layer1":{"Color":"#80ff80","Thickness":"5"},"Layer2":{"Color":"#004000","Thickness":"5"},"Layer3":{"Color":"#408080","Thickness":"5"}}]}