{"Iterations":"4","Angle":"90","Alphabet":"X","Axoim":"X","Rule1":"X=+FFFFFF-FFFFFFF-FFFFF-FFFFF-FFF-FF-F-F+F+FFF+F+F-F-F+F+FFFFF+FFFFF+FFFFFFFX","Rule2":"","Rule3":"","Rule4":"","Rule5":"","Rule6":"","Polygon":[{"PathAngle":"0,90,180,270","PolygonAngle":"315","Layer1":{"Color":"#344e36","Thickness":"7.5"},"Layer2":{"Color":"#799870","Thickness":"7.5"},"Layer3":{"Color":"#fef3e2","Thickness":"5"}}],"Origin":"https://raw.githubusercontent.com/keepCrashing/WindingStream/master/pic/%E5%96%AE%E9%91%B0%E5%8C%99%E9%A0%AD.png"}