{"Iterations":"4","Angle":"45","Alphabet":"X","Axoim":"X","Rule1":"X=++FFFFFFF--FFFFFFF---FFFF+++FFF--F--FF++F++FF--F--FFFFF--F--FF++F++FF--F--FF+++FFFF+++FFFFFFF++FFFFFFFX","Rule2":"","Rule3":"","Rule4":"","Rule5":"","Rule6":"","Polygon":[{"PathAngle":"0,90,315","PolygonAngle":"315","Layer1":{"Color":"#1f1b3d","Thickness":"7.5"},"Layer2":{"Color":"#2c2d86","Thickness":"7.5"},"Layer3":{"Color":"#97aecf","Thickness":"5"}},{"PathAngle":"135,180,225,270","PolygonAngle":"315","Layer1":{"Color":"#800000","Thickness":"7.5"},"Layer2":{"Color":"#ff8040","Thickness":"7.5"},"Layer3":{"Color":"#ffff00","Thickness":"5"}}],"Origin":"https://raw.githubusercontent.com/keepCrashing/WindingStream/master/pic/%E5%A4%A9%E5%AD%97.png"}