{"Iterations":"1","Angle":"45","Alphabet":"X","Axoim":"X","Rule1":"X=++FFFFFFF--FFFFFFF---FFFF+++FFF--F--FF++F++FF--F--FFFFF--F--FF++F++FF--F--FF+++FFFF+++FFFFFFF++FFFFFFFX","Rule2":"","Rule3":"","Rule4":"","Rule5":"","Rule6":"","Polygon":[{"PathAngle":"0,45,90,180,270,315","PolygonAngle":"315","Layer1":{"Color":"#00ffff","Thickness":"7.5"},"Layer2":{"Color":"#0080ff","Thickness":"7.5"},"Layer3":{"Color":"#0000a0","Thickness":"5"}},{"PathAngle":"225,135","PolygonAngle":"270","Layer1":{"Color":"#ff0080","Thickness":"5.30330086"},"Layer2":{"Color":"#ff8000","Thickness":"5.30330086"},"Layer3":{"Color":"#ffff00","Thickness":"3.53553391"}}]}